time,activity,
05:10, take medicines at five ten05:10, take beat arvind dhunti at five ten
05:10, take beat arvind dhunti at five ten,
,,
08:16, beat aandu at eight sixteen,
08:36, beat aandu at eight thirty four,

08:40, beat aandu at eight forty
08:46, beat aandu at eight forty six
08:51, beat aandu at eight fifty one
08:55, beat aandu at eight fifty five
09:00, beatfgg aandu at nine
09:5, beatfgg aandu at nine five
09:7, do the maths assignment at nine seven
09:07, do the maths assignment at nine seven
09:09, do the maths assignment at nine nine
09:12, do the science assignment at nine twelve
08:00,take medicines at 10 eight
11:02,take medicines at 11 2
06:00,czech medicines at 11th 6
07:00,take medicines at level 7
11:07, take medicines at 11 7
11:10,take medicines at 11 10
11:14,locate the phone at 11:14
11:25,take me to sensor at 11:25
09:12, do the science assignment at nine twelve
09:12, do the science assignment at nine twelve
11:40,czech medicines at 11:40
11:45,check medicines at 11:45
11:49,czech medicines at 11:49
10:57, take medicines at 10:57
11:00,take medicine at 11 fight